序号,房屋名称,户型,面积,朝向,装修,楼层,关注人数,发布时间,总价（万）,均价
1,薛家宅小区,1室1厅1厨1卫1阳,39.01,南,简装,高层(共6层),605,3月前发布,330,8.459369392
2,薛家宅小区,1室1厅1厨1卫0阳,60.76,南北,精装,中层(共6层),842,23天前发布,528,8.689927584
3,北苑大厦,2室1厅1厨1卫1阳,97,南,精装,中层(共11层),54,2天前发布,780,8.041237113
4,上大阳光乾宁园,3室2厅1厨2卫3阳,137.4,南,精装,高层(共5层),534,13天前发布,750,5.458515284
5,康桥花园,2室2厅0厨0卫0阳,118,南,简装,低层(共6层),174,2月前发布,600,5.084745763
6,绿宝园,4室3厅1厨3卫2阳,382,南,简装,高层(共6层),97,1月前发布,4700,12.30366492
7,清河路202弄,3室2厅1厨2卫1阳,83.3,南,精装,中层(共6层),664,1月前发布,278,3.337334934
8,万里一期,0室1厅1厨1卫1阳,63.04,东南,简装,中层(共6层),586,2月前发布,500,7.931472081
9,万里一期,3室2厅1厨1卫2阳,106.45,南,精装,高层(共6层),419,19天前发布,780,7.327383748
10,祁连三村,1室1厅1厨1卫1阳,55.43,南北,精装,高层(共6层),774,9天前发布,263,4.744723074
11,丽江佳苑,2室2厅1厨1卫1阳,85.96,南,精装,高层(共6层),205,2月前发布,375,4.362494183
12,星福家园,2室2厅1厨1卫1阳,80,南,精装,低层(共6层),286,22天前发布,450,5.625
13,东方名城,2室1厅1厨1卫1阳,132.33,南,简装,高层(共6层),318,4月前发布,1200,9.068238495
14,星惠佳苑,2室1厅1厨1卫1阳,88.11,南,精装,高层(共6层),993,26天前发布,845,9.590284871
15,真建一小区,2室1厅0厨1卫0阳,53.85,南,精装,高层(共6层),43,3月前发布,298,5.533890436
16,新一小区,2室1厅0厨0卫0阳,55,东南,简装,高层(共4层),781,8月前发布,420,7.636363636
17,塘南路159弄,3室1厅1厨1卫1阳,85.99,南,简装,高层(共6层),450,1月前发布,565,6.570531457
18,三阳小区,1室1厅0厨0卫0阳,32.86,南北,精装,中层(共11层),870,3月前发布,240,7.303712721
19,万业紫辰苑,2室2厅1厨1卫1阳,85.53,南,精装,高层(共6层),493,29天前发布,460,5.378229861
20,金鼎香樟苑(西区),3室1厅1厨1卫1阳,83.85,南,精装,高层(共6层),20,2月前发布,480,5.72450805
21,采菊苑,2室1厅1厨1卫1阳,76.53,南,精装,高层(共11层),217,2月前发布,329,4.298967725
22,民治路12弄,2室0厅1厨1卫0阳,27.42,南,精装,中层(共13层),131,2月前发布,197,7.184536834
23,平顺路721弄,2室1厅1厨1卫1阳,56.98,南,简装,中层(共6层),37,1月前发布,330,5.791505792
24,六一小区,2室1厅1厨1卫1阳,50.94,东南,精装,高层(共5层),269,2月前发布,150,2.944640754
25,东方晶华园,3室2厅1厨2卫1阳,127.5,南,简装,中层(共7层),275,28天前发布,710,5.568627451
26,东方晶华园,3室2厅1厨2卫1阳,131,南北,精装,高层(共6层),889,3月前发布,800,6.106870229
27,新泾路120弄,1室1厅1厨1卫1阳,50.01,南,精装,高层(共6层),680,1年前发布,260,5.198960208
28,天馨花园,2室2厅1厨1卫2阳,92.82,南,精装,低层(共11层),896,17天前发布,430,4.63262228
29,天馨花园,1室1厅0厨0卫0阳,58.58,南,简装,低层(共6层),362,2月前发布,300,5.121201775
30,金鼎香樟苑(西区),2室2厅1厨1卫1阳,91.72,南,简装,高层(共6层),809,2月前发布,585,6.378107283
31,万业紫辰苑,2室2厅1厨1卫2阳,93.95,南,精装,低层(共6层),685,1月前发布,465,4.949441192
32,沧州路180弄,2室1厅1厨1卫1阳,45.29,东南,简装,低层(共11层),563,2月前发布,370,8.169573857
33,复旦小区,1室0厅0厨0卫0阳,40,南,精装,低层(共5层),687,1月前发布,298,7.45
34,富浩花园,2室2厅1厨2卫1阳,88,南北,精装,高层(共6层),446,3月前发布,550,6.25
35,开鲁六村,2室1厅1厨1卫1阳,64.43,南,精装,高层(共6层),252,3月前发布,312,4.84246469
36,丽江佳苑,3室2厅1厨2卫1阳,126.38,南,精装,中层(共5层),816,4月前发布,635,5.024529198
37,鸿达嘉苑,3室2厅1厨2卫1阳,119.82,南,简装,中层(共20层),552,2月前发布,390,3.254882323
38,长城小区,1室1厅1厨1卫0阳,39.94,南,精装,低层(共18层),621,2天前发布,340,8.512769154
39,天环苑,2室1厅1厨1卫1阳,85.96,南,精装,高层(共6层),551,16天前发布,288,3.350395533
40,常澳馨苑,1室1厅1厨1卫1阳,36.65,东南,简装,中层(共6层),858,今天发布,315,8.594815825
41,桃浦一村瑞香苑,2室1厅1厨0卫0阳,49.62,南,简装,中层(共6层),831,1月前发布,240,4.836759371
42,桃浦一村瑞香苑,1室1厅1厨1卫1阳,42.74,南北,精装,中层(共6层),37,2天前发布,198,4.632662611
43,大连小区,1室0厅0厨1卫0阳,35,南,精装,低层(共6层),221,30天前发布,275,7.857142857
44,大连小区,1室1厅1厨1卫1阳,32.99,南,精装,中层(共6层),345,9天前发布,275,8.335859351
45,莲溪二村,3室1厅1厨1卫2阳,103.74,南,精装,高层(共6层),990,3月前发布,568,5.475226528
46,天山路1920弄,2室1厅1厨1卫1阳,65.75,南,精装,低层(共6层),642,23天前发布,515,7.83269962
47,崧泽华城佳福雅苑,2室2厅1厨1卫2阳,77.9,南,简装,高层(共6层),483,14天前发布,285,3.658536585
48,崧泽华城佳福雅苑,2室2厅1厨1卫1阳,78.1,东南,精装,低层(共6层),285,12天前发布,248,3.175416133
49,天馨花园,3室2厅1厨2卫2阳,132,南,简装,低层(共5层),353,2天前发布,560,4.242424242
50,天馨花园,2室1厅1厨1卫1阳,75.06,南北,精装,低层(共6层),987,13天前发布,328,4.369837463
51,红翔新村,3室1厅1厨1卫1阳,100.2,南,精装,高层(共6层),163,2月前发布,470,4.690618762
52,逸仙华庭,2室1厅0厨1卫0阳,75.73,南,精装,高层(共11层),758,1月前发布,525,6.932523439
53,红翔新村,3室2厅1厨2卫1阳,117.39,南,简装,高层(共6层),684,4月前发布,498,4.242269359
54,天际蓝桥,2室2厅1厨1卫2阳,88,南,简装,中层(共6层),293,30天前发布,520,5.909090909
55,达城家园,2室2厅1厨1卫2阳,76.19,南,精装,低层(共6层),525,1月前发布,420,5.512534453
56,中山南二路941号,1室0厅1厨1卫0阳,35.88,东南,简装,低层(共6层),598,今天发布,305,8.500557414
57,庆安苑,3室1厅1厨1卫1阳,95.92,南,精装,中层(共6层),40,3月前发布,420,4.378648874
58,国和路610弄,2室0厅1厨1卫1阳,45.98,南北,精装,中层(共6层),529,9月前发布,315,6.850804698
59,崧泽华城佳福雅苑,2室1厅1厨1卫1阳,75,南,精装,中层(共6层),366,30天前发布,255,3.4
60,禄德嘉苑,2室2厅1厨1卫1阳,105.25,南,精装,中层(共6层),458,4月前发布,510,4.845605701
61,桃园公寓（嘉定）,2室1厅1厨1卫1阳,98.85,南,简装,中层(共6层),757,2月前发布,242,2.448153768
62,宝地东花园,3室2厅1厨2卫1阳,136.66,南,精装,低层(共6层),48,26天前发布,1780,13.02502561
63,会文大楼,2室1厅1厨1卫1阳,55.64,南,精装,中层(共6层),528,9月前发布,440,7.907979871
64,万汇公寓,3室1厅1厨1卫1阳,109,东南,简装,中层(共6层),605,4月前发布,760,6.972477064
65,桃浦一村瑞香苑,1室0厅1厨1卫1阳,29.57,南,简装,中层(共6层),72,1月前发布,150,5.072708827
66,高行绿洲二期,6室1厅1厨1卫1阳,79.3,南北,精装,中层(共6层),854,3月前发布,441,5.561160151
67,由中苑,3室2厅1厨2卫1阳,109.38,南,精装,低层(共6层),936,2天前发布,860,7.862497714
68,中冶尚城,2室1厅1厨1卫1阳,88.38,南,精装,高层(共6层),373,3月前发布,818,9.255487667
69,金鼎香樟苑(西区),2室1厅1厨1卫2阳,76.34,南,精装,中层(共6层),248,1月前发布,430,5.632695834
70,富甸公寓,3室2厅0厨1卫0阳,102.04,南,精装,中层(共6层),878,1天前发布,669,6.55625245
71,海湾新城,3室2厅1厨1卫1阳,107.26,南,简装,低层(共6层),539,1月前发布,368,3.430915532
72,军工路周家,1室0厅1厨1卫0阳,36.5,东南,精装,中层(共5层),89,1月前发布,190,5.205479452
73,中原路990弄,1室1厅1厨1卫1阳,47,南,简装,中层(共6层),422,4月前发布,285,6.063829787
74,绿波家园,2室0厅1厨1卫1阳,65,南北,精装,低层(共6层),103,3月前发布,395,6.076923077
75,鹏程苑,2室1厅1厨1卫0阳,86.07,南,精装,中层(共6层),116,2月前发布,640,7.435808063
76,鞍山四村第二小区,2室2厅1厨1卫1阳,87.9,南,精装,高层(共6层),597,5月前发布,680,7.736063709
77,海虹新村,1室0厅1厨1卫1阳,36.77,南,简装,低层(共6层),861,3月前发布,239,6.49986402
78,高科西路2763弄,2室1厅1厨1卫1阳,50.05,南,简装,高层(共6层),347,5月前发布,345,6.893106893
79,四平路2100弄,1室1厅0厨1卫0阳,34.11,南,精装,高层(共6层),489,1月前发布,256,7.50513046
80,靖宇家园,2室1厅1厨1卫1阳,98.72,东南,简装,中层(共6层),743,1天前发布,920,9.319286872
81,保利海上五月花,2室2厅1厨1卫1阳,91.96,南,精装,低层(共6层),49,4月前发布,397,4.317094389
82,黄陵小区,2室1厅1厨1卫1阳,66.06,南北,精装,中层(共6层),719,3月前发布,420,6.357856494
83,黄陵小区,1室1厅1厨1卫1阳,40.95,南,精装,高层(共6层),288,30天前发布,273,6.666666667
84,真南路205弄,2室1厅1厨1卫1阳,59.91,南,精装,高层(共6层),685,15天前发布,440,7.344349858
85,安居兰庭,3室1厅1厨2卫2阳,147.44,南,简装,中层(共6层),634,1月前发布,1498,10.16006511
86,西三小区,2室1厅1厨1卫1阳,66.08,南,精装,中层(共6层),89,7月前发布,537,8.126513317
87,上大阳光乾宁园,4室2厅1厨2卫3阳,137.43,南,精装,高层(共5层),25,1年前发布,665,4.838827039
88,海尚菊苑（北区）,2室2厅1厨1卫1阳,96.43,东南,简装,低层(共6层),638,3月前发布,420,4.35549103
89,新泾苑,3室1厅1厨1卫2阳,100.27,南,简装,高层(共6层),956,4月前发布,680,6.781689439
90,常澳馨苑,1室1厅1厨1卫1阳,35.62,南北,精装,高层(共6层),128,2月前发布,280,7.860752386
91,永和雅园,4室3厅1厨2卫2阳,108,南,精装,中层(共5层),228,29天前发布,1200,11.11111111
92,文苑小区（虹口）,1室1厅1厨1卫1阳,49.42,南,精装,低层(共6层),237,27天前发布,330,6.677458519
93,莲溪二村,3室1厅1厨1卫1阳,81.89,南,精装,高层(共6层),929,14天前发布,510,6.22786665
94,复新小区,3室2厅1厨2卫1阳,134.2,南,精装,高层(共6层),847,13天前发布,880,6.557377049
95,冠生园路206号,3室1厅1厨1卫1阳,96.71,南,简装,中层(共6层),10,5天前发布,756,7.8171854
96,海虹新村,1室0厅1厨1卫1阳,35.85,东南,精装,中层(共6层),435,1月前发布,247,6.889818689
97,中环一号（五期）,3室2厅1厨1卫1阳,130.29,南,简装,低层(共6层),354,27天前发布,1200,9.210223348
98,绿久苑,2室2厅0厨1卫0阳,82,南北,精装,中层(共6层),230,14天前发布,450,5.487804878
99,芷江西路453弄,1室1厅1厨1卫1阳,49.7,南,精装,中层(共6层),791,1月前发布,425,8.551307847
100,正润欧洲花园,2室2厅0厨0卫0阳,108.7,南,精装,中层(共6层),312,3月前发布,1190,10.9475621
101,维多利广场,5室1厅1厨2卫3阳,157.5,南,简装,中层(共6层),908,27天前发布,1420,9.015873016
102,老沪闵路709弄,2室1厅1厨1卫1阳,67.32,南,简装,高层(共6层),156,23天前发布,455,6.758764112
103,天环苑,1室2厅1厨1卫1阳,55.08,南,精装,低层(共6层),414,2天前发布,205,3.721859114
104,民治路15弄,3室2厅1厨1卫2阳,72.29,东南,简装,低层(共6层),22,6月前发布,420,5.809932217
105,保利海上五月花,2室2厅1厨1卫2阳,92,南,精装,高层(共6层),628,4月前发布,360,3.913043478
106,顺馨佳园,3室2厅1厨2卫1阳,120,南北,精装,中层(共6层),574,6月前发布,650,5.416666667
107,田林花苑,3室1厅1厨1卫1阳,111,南,精装,高层(共6层),637,4月前发布,920,8.288288288
108,君莲新城广润苑,2室2厅1厨1卫1阳,84.59,南,精装,中层(共6层),783,2月前发布,480,5.674429602
109,金葵新城（东区）,2室2厅1厨1卫1阳,83.87,南,简装,中层(共6层),695,1月前发布,570,6.796232264
110,大西小区,1室1厅1厨1卫0阳,35.13,南,精装,中层(共6层),619,3月前发布,295,8.397381156
111,大西小区,2室0厅0厨1卫0阳,46.69,南,精装,中层(共7层),363,29天前发布,360,7.710430499
112,广隆公寓,2室2厅1厨1卫1阳,100.5,东南,简装,中层(共6层),410,20天前发布,780,7.76119403
113,岚灵小区,0室0厅0厨0卫0阳,50.09,南,简装,高层(共6层),578,4月前发布,309,6.168895987
114,梅山馨苑,3室2厅1厨1卫1阳,91.39,南北,精装,高层(共6层),275,3月前发布,850,9.300798774
115,馨佳园十一街坊,1室1厅1厨1卫1阳,57.22,南,精装,中层(共6层),895,5月前发布,245,4.281719678
116,海尚菊苑（北区）,2室1厅1厨1卫1阳,78.91,南,精装,高层(共6层),960,1月前发布,315,3.991889494
117,海尚菊苑（北区）,1室1厅1厨1卫1阳,57.61,南,精装,中层(共6层),727,2月前发布,249,4.322166291
118,海尚菊苑（北区）,3室2厅1厨2卫1阳,102.82,南,精装,低层(共6层),496,1月前发布,408,3.968099592
119,老红庄,2室1厅1厨1卫0阳,62,南,简装,低层(共6层),834,23天前发布,1050,16.93548387
120,金鹤新城水岸金桥苑,1室1厅1厨1卫1阳,50.83,东南,精装,中层(共6层),68,2月前发布,240,4.72162109
121,新市南路1148弄,2室0厅0厨0卫0阳,46,南,简装,中层(共6层),217,2月前发布,340,7.391304348
122,金鹤新城水岸金桥苑,2室1厅1厨1卫1阳,74.57,南北,精装,中层(共5层),685,今天发布,365,4.894729784
123,金鹤新城水岸金桥苑,1室1厅1厨1卫1阳,50.83,南,精装,中层(共5层),810,1年前发布,249,4.898681881
124,康州小区,2室1厅1厨1卫0阳,53.7,南,精装,高层(共7层),270,6月前发布,480,8.938547486
125,鹏程苑,3室1厅1厨1卫1阳,86.03,南,简装,低层(共6层),751,5月前发布,578,6.71858654
126,鹏程苑,2室1厅1厨1卫0阳,69.13,南,简装,低层(共6层),660,18天前发布,490,7.088094894
127,富浩花园,3室2厅0厨2卫0阳,107.8,南,精装,中层(共6层),55,2月前发布,638,5.918367347
128,中山北路197弄,1室1厅0厨0卫0阳,46,东南,简装,中层(共6层),557,1月前发布,340,7.391304348
129,晶杰苑,3室2厅1厨2卫2阳,127.4,南,精装,中层(共7层),133,3月前发布,998,7.833594976
130,鹏程苑,3室1厅1厨1卫1阳,68.22,南北,精装,高层(共6层),426,3月前发布,439,6.435063031
131,鹏程苑,2室1厅0厨1卫0阳,68.94,南,精装,高层(共6层),510,3月前发布,450,6.527415144
132,中星美华村,3室2厅1厨2卫1阳,249,南,精装,中层(共6层),984,1月前发布,3100,12.4497992
133,三阳小区,2室0厅1厨1卫0阳,50.8,南,简装,高层(共6层),452,12天前发布,360,7.086614173
134,长泰东郊御园,4室2厅1厨3卫3阳,189.01,南,精装,低层(共18层),904,3月前发布,1130,5.978519655
135,华丰苑,2室2厅0厨1卫0阳,95.45,南,精装,低层(共6层),646,2月前发布,486,5.091671032
136,华光苑,3室1厅1厨1卫2阳,94.45,东南,简装,高层(共6层),608,1月前发布,720,7.623080995
137,杨树浦路3061弄,2室0厅1厨1卫0阳,51.86,南,简装,低层(共6层),371,2月前发布,273,5.264172773
138,远洋香奈,2室2厅0厨0卫0阳,103,南北,精装,高层(共6层),67,1月前发布,610,5.922330097
139,远洋香奈,3室2厅1厨1卫1阳,109.35,南,精装,中层(共6层),802,1月前发布,655,5.989940558
140,金葵新城（东区）,3室1厅0厨1卫0阳,109.19,南,精装,低层(共18层),720,3月前发布,720,6.594010441
141,仁和苑,3室1厅1厨1卫1阳,154.4,南,精装,高层(共6层),371,4月前发布,1280,8.29015544
142,东航小区,2室1厅1厨1卫0阳,84.19,南,精装,高层(共6层),547,4月前发布,730,8.670863523
143,唐韵大厦,1室1厅1厨1卫1阳,58.21,南,简装,中层(共6层),606,21天前发布,67,1.151004982
144,金鹤新城水岸金桥苑,2室1厅0厨1卫0阳,73.61,东南,精装,高层(共6层),969,9天前发布,356,4.836299416
145,金鹤新城水岸金桥苑,2室1厅0厨1卫0阳,74,南,简装,高层(共6层),185,2月前发布,388,5.243243243
146,天汇广场公寓,1室0厅1厨1卫0阳,45.49,南北,精装,中层(共6层),522,2月前发布,215,4.726313475
147,政民花苑,2室0厅0厨0卫0阳,65.27,南,精装,中层(共6层),514,1月前发布,593,9.085337827
148,天汇广场公寓,1室1厅1厨1卫1阳,44.5,南,精装,中层(共6层),108,6月前发布,190,4.269662921
149,大连小区,1室1厅1厨1卫1阳,48.36,南,简装,高层(共6层),193,5月前发布,390,8.064516129
150,共和新路2205弄,1室1厅1厨1卫1阳,42.83,南,简装,中层(共6层),703,4月前发布,375,8.755545179
151,馨佳园十一街坊,1室1厅1厨1卫1阳,53.36,南,精装,中层(共6层),988,4月前发布,243,4.553973013
152,海尚乐苑,3室1厅1厨1卫1阳,85.65,东南,简装,高层(共6层),329,4月前发布,408,4.76357268
153,槎浦新家园,3室2厅1厨2卫2阳,126.49,南,精装,高层(共6层),979,3月前发布,500,3.952881651
154,政立路80弄,2室1厅1厨1卫0阳,68.16,南北,精装,高层(共6层),449,2月前发布,477,6.998239437
155,国定路600弄,2室1厅1厨1卫0阳,54.3,南,精装,高层(共5层),781,23天前发布,420,7.73480663
156,景舒苑三村,2室1厅0厨1卫0阳,93,南,精装,高层(共6层),839,20天前发布,450,4.838709677
157,秦家弄小区,1室1厅1厨1卫1阳,31.78,南,简装,低层(共6层),194,1月前发布,225,7.079924481
158,秦家弄小区,1室0厅1厨1卫1阳,26.33,南,精装,中层(共7层),886,1月前发布,190,7.216103304
159,万业紫辰苑,3室2厅1厨1卫0阳,98.86,南,精装,高层(共6层),376,1月前发布,550,5.563423022
160,鞍山六村,1室1厅1厨1卫1阳,34.89,东南,简装,高层(共4层),502,1月前发布,250,7.165376899
161,沧州路180弄,2室1厅1厨1卫1阳,55.1,南,简装,高层(共6层),506,3月前发布,420,7.622504537
162,军工路周家,1室1厅1厨1卫0阳,43.55,南北,精装,高层(共5层),875,23天前发布,295,6.773823192
163,唐韵大厦,1室0厅0厨1卫0阳,57.92,南,精装,高层(共6层),965,20天前发布,75,1.294889503
164,沔溪苑,2室2厅0厨1卫0阳,62.33,南,精装,高层(共6层),415,2月前发布,348,5.583186267
165,东方丽都,3室2厅1厨2卫1阳,133.11,南,精装,高层(共6层),180,15天前发布,607,4.560138232
166,君莲新城广润苑,2室2厅1厨1卫1阳,84.98,南,精装,低层(共6层),694,2天前发布,430,5.060014121
167,蒋家桥小区,2室0厅0厨0卫0阳,54.34,南,简装,中层(共6层),136,10月前发布,445,8.189179242
168,龙港新村,2室1厅1厨1卫0阳,66.49,东南,精装,中层(共6层),514,5月前发布,400,6.015942247
169,双阳路291弄,2室1厅1厨1卫0阳,59.88,南,简装,低层(共6层),999,4月前发布,418,6.980627923
170,福阳大厦,3室1厅1厨1卫1阳,112.84,南北,精装,高层(共6层),34,2月前发布,808,7.160581354
171,市光路70弄,1室1厅1厨1卫1阳,39.52,南,精装,中层(共6层),528,1月前发布,240,6.072874494
172,康桥花园,2室1厅0厨1卫0阳,95.91,南,精装,中层(共6层),224,1月前发布,480,5.004691899
173,康桥花园,2室2厅0厨1卫0阳,96.02,南,简装,高层(共6层),704,24天前发布,510,5.31139346
174,莲溪二村,3室2厅1厨1卫1阳,103.74,南,简装,高层(共13层),869,29天前发布,580,5.590900328
175,加州水郡,3室1厅1厨1卫1阳,121.44,南,精装,高层(共7层),616,2月前发布,1380,11.36363636
176,张江汤臣豪园四期,3室2厅1厨2卫1阳,128.19,东南,简装,低层(共6层),213,4天前发布,1950,15.21179499
177,莲溪二村,1室1厅1厨1卫1阳,49.46,南,精装,高层(共6层),41,13天前发布,309,6.247472705
178,滴水湖馨苑,3室2厅1厨1卫1阳,88.36,南北,精装,中层(共6层),426,8天前发布,310,3.50837483
179,桃浦三村红棉苑,2室1厅1厨1卫1阳,73.4,南,精装,高层(共6层),756,2月前发布,355,4.836512262
180,安业公寓,3室2厅0厨0卫0阳,134.57,南,精装,高层(共6层),399,6月前发布,1240,9.214535186
181,康桥花园,2室2厅1厨2卫1阳,95.74,南,简装,高层(共6层),197,1月前发布,450,4.700229789
182,凤城五村,2室2厅1厨2卫0阳,38.72,南,精装,高层(共6层),568,4月前发布,298,7.696280992
183,天环苑,2室2厅1厨1卫1阳,77.41,南,精装,中层(共7层),821,2月前发布,265,3.423330319
184,紫金公馆,2室1厅0厨1卫0阳,52,东南,简装,中层(共6层),770,1月前发布,180,3.461538462
185,紫金公馆,1室1厅1厨1卫0阳,56,南,简装,低层(共6层),186,1月前发布,190,3.392857143
186,凤城五村,2室1厅0厨1卫0阳,57.13,南北,精装,高层(共6层),671,2月前发布,430,7.526693506
187,三花现代城（二期香梅苑）,2室2厅1厨2卫2阳,98.77,南,精装,中层(共6层),31,30天前发布,805,8.150248051
188,南华小区,2室2厅1厨1卫1阳,67.35,南,精装,高层(共6层),136,2月前发布,280,4.157386785
189,南华小区,2室1厅1厨1卫1阳,55.97,南,精装,高层(共6层),642,17天前发布,210,3.752010005
190,逸仙路1321弄,1室1厅1厨1卫1阳,41.19,南,精装,高层(共6层),98,9天前发布,220,5.341102209
191,同济华城,2室2厅1厨1卫1阳,105.6,南,简装,高层(共6层),724,8月前发布,1038,9.829545455
192,镇北小区,2室1厅1厨1卫1阳,53.31,东南,精装,中层(共6层),91,4月前发布,298,5.589945601
193,高境二村,3室1厅1厨1卫0阳,80.5,南,简装,中层(共6层),966,9月前发布,460,5.714285714
194,泗塘四村,1室1厅0厨0卫0阳,33.89,南北,精装,高层(共6层),463,3月前发布,170,5.016228976
195,泗塘四村,2室1厅0厨0卫0阳,41.15,南,精装,中层(共6层),754,1月前发布,220,5.346294046
196,乾溪小区,2室1厅0厨0卫0阳,71.54,南,精装,低层(共6层),118,3月前发布,370,5.171931786
197,钻石苑,3室2厅1厨1卫0阳,101,南,简装,高层(共6层),988,30天前发布,450,4.455445545
198,五岭小区,1室1厅1厨1卫1阳,35.6,南,简装,中层(共6层),834,26天前发布,380,10.6741573
199,钦州路111弄,2室0厅1厨1卫1阳,55.99,南,精装,中层(共6层),718,23天前发布,450,8.037149491
200,高境二村,2室1厅1厨1卫1阳,73.68,东南,简装,高层(共6层),366,2月前发布,435,5.903908795
201,高境二村,1室0厅1厨1卫1阳,42.62,南,精装,高层(共6层),100,2天前发布,220,5.161895824
202,绿波城,2室1厅1厨1卫0阳,86.83,南北,精装,中层(共6层),397,1天前发布,475,5.470459519
203,绿波城,2室2厅1厨1卫1阳,86.9,南,精装,低层(共6层),953,16天前发布,518,5.960874568
204,鸿基公寓,2室2厅1厨1卫1阳,87.55,南,精装,高层(共6层),93,9天前发布,368,4.203312393
205,法华镇路878弄,2室1厅1厨1卫0阳,53,南,简装,高层(共7层),334,9天前发布,450,8.490566038
206,八方花苑,1室1厅1厨1卫1阳,40.58,南,精装,高层(共6层),364,6月前发布,395,9.733859044
207,八方花苑,1室1厅0厨1卫0阳,68.84,南,精装,高层(共6层),154,3月前发布,590,8.570598489
208,银欣花苑（虹口）,3室2厅1厨2卫2阳,162.64,东南,简装,高层(共6层),10,1月前发布,1050,6.45597639
209,东兴华苑,3室2厅1厨1卫2阳,106.14,南,简装,低层(共6层),53,3月前发布,830,7.819860562
210,绿波城,3室2厅1厨2卫1阳,126,南北,精装,高层(共6层),907,3月前发布,680,5.396825397
211,八方花苑,2室1厅1厨1卫1阳,62.34,南,精装,高层(共6层),402,1月前发布,600,9.624639076
212,罗南二村,2室1厅1厨1卫1阳,69.93,南,精装,低层(共5层),474,19天前发布,205,2.931502932
213,新江湾佳苑,3室2厅1厨2卫1阳,126.26,南,精装,高层(共6层),817,5月前发布,1350,10.6922224
214,梅陇路3号-5号,1室0厅1厨1卫1阳,28.43,南,精装,中层(共6层),962,4月前发布,198,6.964474147
215,东五小区（虹口）,2室1厅1厨1卫1阳,66.86,南,简装,低层(共6层),357,4月前发布,630,9.422674245
216,舒馨北苑,3室0厅2厨3卫1阳,65.55,东南,精装,中层(共6层),338,4月前发布,340,5.186880244
217,海院新村,1室1厅1厨1卫0阳,34.16,南,简装,高层(共6层),226,3月前发布,280,8.196721311
218,桃园新城中城苑,2室2厅1厨1卫1阳,71.85,南北,精装,中层(共7层),213,2月前发布,350,4.871259569
219,海院新村,3室1厅1厨1卫1阳,80.51,南,精装,高层(共6层),266,3月前发布,690,8.57036393
220,眉州路420弄,1室1厅1厨1卫1阳,40.53,南,精装,高层(共6层),600,3月前发布,245,6.044905009
221,眉州路420弄,1室1厅0厨1卫0阳,37.27,南,简装,中层(共6层),583,3月前发布,300,8.049369466
222,四季绿城,2室2厅0厨0卫0阳,136.82,南,简装,高层(共6层),540,2月前发布,930,6.797251864
223,招商雍华苑,2室2厅1厨1卫1阳,87.63,南,精装,中层(共6层),776,19天前发布,632,7.212141961
224,万象园,2室1厅1厨1卫0阳,82.45,东南,简装,高层(共6层),941,16天前发布,715,8.671922377
225,星风花苑,2室2厅1厨1卫2阳,83.17,南,精装,低层(共6层),892,1年前发布,828,9.955512805
226,张家浜小区,3室1厅1厨1卫1阳,74.2,南北,精装,高层(共6层),344,1月前发布,600,8.086253369
227,海尚明城,1室1厅0厨0卫0阳,61.38,南,精装,低层(共6层),709,1年前发布,290,4.724666015
228,天恒名城,4室3厅1厨4卫3阳,240.19,南,精装,高层(共6层),952,6月前发布,1550,6.453224531
229,中宁家园,2室2厅1厨1卫2阳,102.19,南,简装,低层(共6层),541,4月前发布,752,7.358841374
230,控江路645弄,2室1厅1厨1卫1阳,56.77,南,精装,中层(共6层),918,4月前发布,375,6.60560155
231,宜嘉坊商务楼,1室1厅1厨1卫1阳,38.85,南,精装,高层(共6层),493,4月前发布,220,5.662805663
232,日月光水岸花园,3室1厅1厨2卫1阳,144.17,东南,简装,中层(共4层),153,3月前发布,1330,9.225220226
233,虹桥中园,3室0厅0厨2卫0阳,153,南,简装,高层(共6层),953,1月前发布,1300,8.496732026
234,大华公园世家康华苑（西区）,2室2厅1厨1卫2阳,81.94,南北,精装,低层(共7层),445,3月前发布,525,6.407127166
235,何家宅小区,1室1厅0厨1卫0阳,26.46,南,精装,中层(共6层),291,3月前发布,195,7.369614512
236,何家宅小区,2室1厅1厨1卫0阳,54.07,南,精装,中层(共6层),824,2月前发布,420,7.767708526
237,大华公园世家康华苑（西区）,3室2厅1厨2卫1阳,114.08,南,精装,低层(共6层),308,2月前发布,775,6.793478261
238,政立路830弄,1室1厅0厨1卫0阳,41.3,南,精装,低层(共6层),143,1月前发布,310,7.506053269
239,大华公园世家康华苑（西区）,3室2厅1厨2卫2阳,137.42,南,简装,低层(共6层),551,23天前发布,868,6.31640227
240,芷江西路270弄,1室0厅1厨1卫0阳,34.74,东南,精装,高层(共6层),790,4天前发布,265,7.628094416
241,周家嘴路沈家桥小区,2室0厅1厨1卫1阳,47.01,南,简装,中层(共6层),304,7月前发布,320,6.807062327
242,逸香园,2室2厅1厨1卫1阳,118.09,南北,精装,高层(共25层),913,9月前发布,700,5.927682276
243,逸香园,2室2厅1厨1卫1阳,106.47,南,精装,中层(共6层),7,9月前发布,699,6.565229642
244,新市南路1130弄,2室1厅0厨1卫1阳,45.95,南,精装,中层(共6层),187,8月前发布,280,6.093579978
245,宏业公寓,3室2厅1厨2卫1阳,121.94,南,简装,中层(共6层),692,4月前发布,915,7.50369034
246,临沂八村,2室1厅1厨1卫1阳,58.05,南,简装,高层(共6层),552,4月前发布,395,6.804478898
247,周康一村,3室2厅1厨1卫1阳,82.67,南,精装,中层(共6层),951,27天前发布,395,4.778033144
248,爱博家园五村,2室1厅1厨1卫1阳,81.65,东南,简装,高层(共6层),343,3月前发布,455,5.57256583
249,临沂八村,1室1厅1厨1卫1阳,39.45,南,精装,中层(共6层),729,3月前发布,260,6.590621039
250,丹江新苑,2室0厅0厨0卫0阳,102,南北,精装,中层(共6层),244,3月前发布,812,7.960784314
251,柏丽华庭,4室2厅1厨2卫2阳,147.15,南,精装,高层(共6层),871,2月前发布,820,5.572545022
252,品尊国际,2室2厅1厨2卫3阳,126.42,南,精装,高层(共6层),479,2月前发布,1348,10.6628698
253,康乐大楼（北京西路）,2室1厅1厨1卫0阳,53.3,南,简装,中层(共6层),188,2月前发布,670,12.57035647
254,中芯花园一期、二期,3室1厅1厨2卫2阳,129.43,南,精装,中层(共5层),867,1月前发布,950,7.339874836
255,中华新路893弄,1室1厅1厨1卫1阳,39.23,南,精装,中层(共6层),863,1月前发布,295,7.519755289
256,海城公寓,2室2厅1厨1卫1阳,136.64,东南,简装,高层(共6层),568,2月前发布,1050,7.68442623
257,爱文坊,1室1厅1厨1卫0阳,42.04,南,简装,中层(共6层),812,8月前发布,515,12.25023787
258,爱文坊,2室2厅1厨1卫0阳,68.21,南北,精装,中层(共6层),573,7月前发布,725,10.62894004
259,民京路837弄,2室1厅1厨1卫1阳,66.55,南,精装,中层(共6层),999,4月前发布,435,6.536438768
260,杨泰二村,2室0厅1厨1卫1阳,45.59,南,精装,低层(共6层),312,3月前发布,256,5.615266506
261,杨泰二村,2室1厅1厨1卫1阳,75.43,南,精装,高层(共6层),280,3月前发布,330,4.374917142
262,经纬学府涵青花园,2室2厅0厨0卫0阳,94,南,精装,高层(共7层),653,3月前发布,640,6.808510638
263,经纬学府涵青花园,2室2厅1厨1卫1阳,95.28,南,简装,中层(共6层),747,2月前发布,575,6.034844668
264,长隆小区-长阳路2087弄,1室1厅0厨1卫0阳,36.75,东南,精装,高层(共6层),766,9天前发布,280,7.619047619
265,经纬学府涵青花园,3室2厅1厨2卫0阳,114,南,简装,高层(共6层),867,2月前发布,650,5.701754386
266,新锦港花园,3室2厅1厨2卫1阳,122.33,南北,精装,低层(共6层),58,1月前发布,530,4.332543121
267,上海春城一二期,2室2厅1厨1卫1阳,93.67,南,精装,中层(共6层),407,1月前发布,818,8.73278531
268,御沁园东区,4室2厅1厨3卫1阳,284.1,南,精装,高层(共6层),148,5月前发布,2300,8.095740936
269,时运苑,2室1厅1厨1卫1阳,64.42,南,简装,高层(共6层),955,5月前发布,363,5.634895995
270,华浩苑,2室2厅1厨1卫1阳,110.97,南,简装,低层(共6层),480,3月前发布,1330,11.98522123
271,翔和雅苑（三区）,2室2厅1厨1卫1阳,71.3,南,精装,高层(共6层),344,3月前发布,380,5.329593268
272,锦秋花园九区,2室2厅1厨1卫2阳,89.41,东南,简装,中层(共23层),915,3月前发布,630,7.046191701
273,锦秋花园九区,2室2厅1厨1卫1阳,93.59,南,精装,低层(共6层),251,3月前发布,599,6.400256438
274,安居金祁新城（东区）,1室2厅1厨1卫1阳,61.16,南北,精装,低层(共6层),88,19天前发布,365,5.96795291
275,安居金祁新城（东区）,2室1厅1厨1卫1阳,72,南,精装,低层(共6层),285,23天前发布,430,5.972222222
276,五环大楼,1室1厅1厨1卫1阳,54.77,南,精装,高层(共7层),891,1月前发布,360,6.572941391
277,宝兴小区,2室1厅1厨1卫1阳,48.17,南,简装,中层(共23层),862,3月前发布,323,6.70541831
278,凤城六村,2室2厅1厨1卫1阳,73.06,南,精装,低层(共6层),150,3月前发布,560,7.664932932
279,辽源一村,2室1厅1厨1卫1阳,47.07,南,精装,低层(共6层),432,19天前发布,415,8.816656044
280,南新二村,1室1厅1厨1卫1阳,38.58,东南,简装,低层(共6层),697,23天前发布,218,5.650596164
281,全家福家园,2室1厅1厨1卫1阳,81.12,南,简装,高层(共6层),239,4月前发布,880,10.84812623
282,鼎隆大厦,4室2厅1厨2卫1阳,181.08,南北,精装,中层(共6层),75,10月前发布,1138,6.284515131
283,巴黎花园,2室2厅1厨2卫1阳,115.52,南,精装,高层(共6层),487,4月前发布,1200,10.38781163
284,巴黎花园,2室2厅1厨2卫1阳,120.13,南,精装,高层(共7层),906,4月前发布,1200,9.98917839
285,高行绿洲五期,2室1厅1厨1卫1阳,74,南,精装,高层(共6层),485,4月前发布,390,5.27027027
286,凌桥二村,2室2厅1厨1卫1阳,74.71,南,精装,中层(共6层),853,4月前发布,300,4.015526703
287,锦绣华都,2室2厅1厨1卫1阳,90,南,简装,中层(共6层),175,3月前发布,690,7.666666667
288,北中路280弄,3室1厅1厨1卫1阳,102.45,东南,精装,高层(共4层),82,2月前发布,508,4.958516349
289,句容小区,2室1厅1厨1卫0阳,54.82,南,简装,低层(共23层),874,3月前发布,485,8.847136082
290,创智坊,2室2厅1厨1卫0阳,108.8,南北,精装,低层(共6层),863,2月前发布,1110,10.20220588
291,西市街101弄,1室1厅0厨1卫1阳,41.27,南,精装,中层(共6层),176,1月前发布,175,4.240368306
292,嘉莲华酒店式公寓,1室1厅1厨1卫1阳,75.23,南,精装,低层(共6层),455,9天前发布,145,1.927422571
293,河滨国际公寓,2室1厅1厨1卫1阳,65.62,南,简装,低层(共5层),954,6月前发布,740,11.27704968
294,共康前进公寓,2室2厅0厨0卫0阳,95.41,南,简装,低层(共6层),775,1月前发布,600,6.288648989
295,国定路601弄,2室1厅1厨1卫0阳,51.54,南,精装,中层(共6层),778,2月前发布,385,7.469926271
296,汇智湖畔家园,1室2厅1厨1卫1阳,74.86,东南,简装,高层(共6层),744,1月前发布,1100,14.69409565
297,万科翡翠公园五期,2室2厅1厨2卫2阳,126,南,精装,高层(共6层),57,3月前发布,1860,14.76190476
298,兴业嘉园,1室0厅1厨1卫0阳,52,南北,精装,低层(共6层),332,11天前发布,350,6.730769231
299,都市富苑,1室1厅1厨1卫1阳,60,南,精装,中层(共6层),266,2月前发布,360,6
300,德州六村高层,2室2厅1厨1卫1阳,70.34,南,精装,低层(共6层),366,9天前发布,499,7.094114302
301,金华苑,2室2厅1厨1卫2阳,96.63,南,简装,高层(共6层),632,1月前发布,830,8.589464969
302,国年路65弄,3室1厅1厨1卫1阳,65.7,南,精装,高层(共6层),758,1月前发布,540,8.219178082
303,莲业新村,2室1厅1厨1卫0阳,66.4,南,精装,高层(共13层),652,1月前发布,428,6.445783133
304,万航小区,2室2厅1厨1卫2阳,80.52,东南,简装,高层(共6层),378,1月前发布,658,8.171882762
305,丽都城假日景苑,2室2厅1厨1卫2阳,85.08,南,简装,中层(共6层),113,3月前发布,518,6.0883874
306,西雅图嘉萱苑,2室2厅1厨2卫1阳,119.96,南北,精装,高层(共6层),68,2月前发布,1400,11.67055685
307,万科海上传奇,3室2厅1厨1卫1阳,97.48,南,精装,中层(共6层),686,3月前发布,1250,12.82314321
308,控江路298-500号,1室1厅1厨1卫1阳,39.97,南,精装,高层(共6层),644,3月前发布,210,5.253940455
309,眉州花园,1室0厅1厨1卫1阳,36.5,南,精装,高层(共6层),605,2月前发布,268,7.342465753
310,成亿宝盛家园,2室1厅1厨1卫0阳,73,南,精装,高层(共6层),101,6月前发布,305,4.178082192
311,成山小区,2室1厅1厨1卫1阳,67.87,南,简装,低层(共6层),940,4月前发布,475,6.998673935
312,成山小区,2室1厅1厨1卫1阳,75.28,东南,精装,高层(共6层),110,4月前发布,560,7.438894793
313,车站新村（普陀）,2室1厅1厨1卫1阳,52.74,南,简装,中层(共5层),82,5月前发布,319,6.048540008
314,莲安西路117号,2室1厅1厨1卫1阳,79.4,南北,精装,高层(共6层),179,今天发布,528,6.649874055
315,日高公寓,2室2厅0厨1卫0阳,96.13,南,精装,中层(共6层),733,3月前发布,942,9.799230209
316,市光三村,2室1厅1厨1卫0阳,51.76,南,精装,低层(共6层),127,4月前发布,279,5.390262751
317,市光三村,1室0厅1厨1卫1阳,38.67,南,简装,高层(共6层),27,1月前发布,175,4.525471942
318,八方花苑,2室2厅1厨1卫0阳,88.84,南,简装,中层(共6层),534,3月前发布,725,8.160738406
319,通河六村,1室1厅0厨0卫0阳,37.12,南,精装,低层(共6层),91,4月前发布,210,5.657327586
320,通河六村,2室1厅0厨0卫0阳,78,东南,简装,中层(共6层),320,4月前发布,430,5.512820513
321,铁路新村-宁强路100弄,2室2厅1厨1卫1阳,60.9,南,精装,高层(共6层),287,2月前发布,400,6.568144499
322,民乐佳苑二区,3室2厅1厨2卫1阳,120.45,南北,精装,中层(共6层),90,1月前发布,408,3.387297634
323,玉兰二村,3室1厅1厨1卫1阳,91,南,精装,低层(共6层),180,28天前发布,270,2.967032967
324,定西路1235弄,1室1厅1厨1卫1阳,24.7,南,精装,高层(共6层),861,16天前发布,290,11.74089069
325,瞿溪路937弄,2室1厅1厨1卫1阳,40.68,南,简装,低层(共6层),890,9月前发布,420,10.32448378
326,盛世豪园,2室1厅1厨1卫1阳,80.87,南,精装,低层(共6层),852,3天前发布,1300,16.07518239
327,民康苑,2室2厅0厨0卫0阳,111.6,南,精装,高层(共6层),616,4月前发布,920,8.243727599
328,中原路34弄,2室1厅0厨1卫0阳,58.72,东南,简装,中层(共6层),976,3月前发布,450,7.663487738
329,锦秋花园七区,6室0厅0厨5卫7阳,160.26,南,简装,高层(共6层),781,1月前发布,1030,6.427056034
330,嘉富小区-棋盘路1001弄,1室1厅0厨1卫0阳,52,南北,精装,低层(共6层),435,1月前发布,190,3.653846154
331,成亿宝盛家园,3室2厅1厨1卫2阳,93.02,南,精装,低层(共6层),754,2月前发布,420,4.515158031
332,绿厦小区,2室1厅0厨1卫0阳,62.08,南,精装,高层(共6层),57,今天发布,530,8.537371134
333,佳宝四村,2室1厅1厨1卫1阳,65.68,南,精装,高层(共6层),602,6月前发布,420,6.394640682
334,瑞和苑,2室2厅1厨1卫1阳,74.04,南,精装,高层(共6层),794,3月前发布,330,4.457050243
335,瑞和苑,2室1厅1厨1卫1阳,75.05,南,简装,高层(共6层),955,1年前发布,310,4.130579614
336,中山北路255弄,2室1厅0厨1卫0阳,56,东南,精装,低层(共6层),891,4月前发布,350,6.25
337,共康七村,2室1厅1厨1卫1阳,64.11,南,简装,中层(共6层),419,1月前发布,383,5.974107004
338,公馆77,2室2厅1厨1卫1阳,95.75,南北,精装,中层(共6层),247,2月前发布,1699,17.74412533
339,八方花苑,2室1厅1厨1卫0阳,64.41,南,精装,低层(共6层),602,3月前发布,750,11.64415463
340,八方花苑,2室1厅1厨1卫1阳,62.47,南,精装,中层(共6层),559,3月前发布,540,8.644149192
341,常熟路228弄,1室1厅1厨1卫0阳,62.14,南,简装,高层(共6层),66,3月前发布,800,12.87415513
342,紫荆四村,3室2厅1厨2卫1阳,116,南,简装,中层(共6层),907,26天前发布,290,2.5
343,通河六村,2室1厅1厨1卫1阳,70,南,精装,中层(共5层),709,10月前发布,365,5.214285714
344,通河六村,2室1厅0厨1卫0阳,70,东南,简装,高层(共6层),523,12月前发布,400,5.714285714
345,通河六村,1室1厅0厨0卫0阳,28.75,南,精装,低层(共6层),257,4月前发布,185,6.434782609
346,通河六村,2室1厅0厨0卫0阳,59.7,南北,精装,中层(共6层),500,3月前发布,290,4.857621441
347,通河六村,2室1厅0厨0卫0阳,62.99,南,精装,低层(共6层),188,1月前发布,299,4.746785204
348,仁恒森兰雅苑一期,2室2厅0厨1卫0阳,91.34,南,精装,高层(共6层),822,3月前发布,1049,11.48456317
349,陶安小区,2室0厅0厨0卫0阳,61,南,简装,中层(共6层),449,3月前发布,620,10.16393443
350,光华园,2室2厅1厨1卫0阳,106.95,南,精装,高层(共6层),588,3月前发布,885,8.274894811
351,光华园,1室1厅1厨1卫1阳,37.99,南,精装,高层(共6层),225,3月前发布,435,11.45038168
352,本溪路149弄,1室0厅1厨1卫0阳,29.22,东南,简装,高层(共6层),892,3月前发布,220,7.529089665
353,华梅花苑,3室2厅1厨2卫2阳,145.19,南,简装,中层(共6层),93,2月前发布,1188,8.182381707
354,绿地景汇佳苑,4室2厅1厨3卫3阳,180.49,南北,精装,高层(共6层),560,2月前发布,1350,7.479638761
355,绿地景汇佳苑,3室2厅1厨2卫1阳,116.17,南,精装,中层(共6层),394,30天前发布,750,6.45605578
356,控江路1455弄,2室0厅0厨0卫0阳,57.19,南,精装,高层(共6层),130,29天前发布,430,7.518796992
357,绿福公寓,2室2厅0厨1卫0阳,93.31,南,精装,高层(共15层),38,2月前发布,635,6.805272747
358,雁荡路10弄,1室0厅1厨1卫1阳,10.9,南,精装,低层(共6层),882,9天前发布,268,24.58715596
359,百龙小区,1室1厅1厨1卫1阳,41.72,南,简装,低层(共6层),732,21天前发布,358,8.581016299
360,君莲新城广润苑,2室1厅1厨1卫1阳,85,东南,精装,高层(共6层),30,9月前发布,450,5.294117647
361,君莲新城广润苑,2室1厅0厨1卫0阳,84.69,南,简装,低层(共6层),799,1天前发布,490,5.785807061
362,浦江世博家园五街坊,2室2厅0厨1卫0阳,80,南北,精装,高层(共6层),747,1月前发布,520,6.5
363,源枫景苑,1室1厅1厨1卫0阳,63.63,南,精装,高层(共6层),34,2月前发布,385,6.050605061
364,黄陵小区,1室1厅0厨1卫0阳,41.61,南,精装,低层(共6层),813,2月前发布,280,6.729151646
365,真南路205弄,2室1厅1厨1卫0阳,62.77,南,简装,高层(共6层),446,2月前发布,390,6.213159152
366,海上名邸,4室2厅1厨2卫1阳,172.51,南,简装,中层(共6层),666,11月前发布,2100,12.17320735
367,延平路481弄,1室1厅1厨1卫1阳,40.86,南,精装,中层(共6层),97,4月前发布,390,9.544787078
368,达城家园,1室1厅1厨1卫1阳,54.92,东南,简装,中层(共6层),171,6月前发布,235,4.278951202
369,达城家园,2室2厅1厨1卫0阳,76.19,南,精装,中层(共6层),194,6月前发布,385,5.053156582
370,周康三村,1室1厅1厨1卫1阳,56.19,南北,精装,低层(共6层),469,11天前发布,310,5.516995907
371,冠生园路261弄,1室1厅0厨1卫0阳,45.56,南,精装,中层(共6层),8,3月前发布,350,7.682177349
372,冠生园路261弄,2室1厅1厨1卫1阳,58.16,南,精装,高层(共6层),563,4月前发布,500,8.596973865
373,嘉宝都市港湾,3室2厅1厨2卫1阳,130.29,南,简装,中层(共6层),386,2月前发布,1016,7.797989101
374,采菊苑,1室2厅1厨1卫1阳,58,南,精装,高层(共6层),892,28天前发布,280,4.827586207
375,中原一村,1室1厅1厨1卫0阳,36,南,精装,低层(共25层),668,3月前发布,190,5.277777778
376,虹桥怡景苑,3室2厅1厨2卫2阳,148.78,东南,简装,高层(共6层),132,3月前发布,1296,8.710848232
377,芷江小区,2室1厅0厨1卫0阳,69,南,简装,中层(共6层),283,2月前发布,550,7.971014493
378,宝景苑,2室2厅1厨2卫1阳,102,南北,精装,高层(共6层),972,4月前发布,688,6.745098039
379,梅山馨苑,2室1厅0厨1卫0阳,91.44,南,精装,高层(共6层),138,26天前发布,800,8.748906387
380,嫩江路856-868号,2室1厅1厨1卫1阳,60.14,南,精装,高层(共6层),653,4月前发布,385,6.401729298
381,知雅园,2室1厅0厨1卫0阳,85.38,南,精装,低层(共6层),610,4月前发布,900,10.54111033
382,东方晶华园,1室1厅1厨1卫1阳,50.4,南,精装,中层(共6层),645,4月前发布,370,7.341269841
383,大黄馨园,3室2厅1厨2卫2阳,120.22,南,简装,低层(共6层),200,3月前发布,490,4.075860922
384,顺馨佳园,3室2厅1厨2卫1阳,121.29,东南,精装,中层(共6层),685,12天前发布,645,5.317833292
385,上海滩新昌城,2室2厅1厨1卫1阳,111.29,南,简装,中层(共6层),665,2月前发布,1680,15.09569593
386,龙港新村,2室1厅1厨1卫0阳,61.66,南北,精装,高层(共6层),599,23天前发布,378,6.130392475
387,静安场中公寓,2室0厅0厨1卫0阳,51.91,南,精装,中层(共6层),905,1月前发布,310,5.971874398
388,同济华城,1室1厅1厨1卫1阳,72.9,南,精装,低层(共6层),759,2月前发布,600,8.230452675
389,三花现代城（二期香梅苑）,2室2厅1厨1卫2阳,100.76,南,简装,高层(共6层),822,2月前发布,788,7.820563716
390,永兴路973弄,2室0厅1厨1卫1阳,48.98,南,简装,高层(共4层),887,7月前发布,420,8.574928542
391,锦南浦三小区,2室1厅1厨1卫1阳,62.48,南,精装,高层(共6层),161,11月前发布,395,6.322023047
392,静安场中公寓,1室1厅0厨1卫0阳,44.36,东南,简装,高层(共5层),964,3月前发布,275,6.199278629
393,海潮路256弄,1室1厅1厨1卫1阳,35.77,南,精装,中层(共7层),920,3月前发布,400,11.18255521
394,岚皋西路234弄,1室0厅1厨1卫1阳,29.41,南北,精装,低层(共6层),279,3月前发布,195,6.630397824
395,金鼎香樟苑(西区),3室2厅1厨2卫0阳,116.58,南,精装,中层(共6层),315,2月前发布,720,6.176016469
396,亦园,4室2厅1厨3卫2阳,291.84,南,精装,低层(共6层),306,2月前发布,4800,16.44736842
397,龙港新村,2室1厅1厨1卫1阳,56.84,南,简装,中层(共6层),956,2月前发布,350,6.157635468
398,君莲新城广润苑,3室2厅1厨1卫1阳,102.01,南,精装,低层(共6层),983,2月前发布,595,5.832761494
399,君莲新城广润苑,1室2厅1厨1卫1阳,59.18,南,精装,高层(共6层),94,5月前发布,345,5.829672187
400,蒋家桥小区,1室1厅1厨1卫1阳,38.11,东南,简装,低层(共6层),774,4月前发布,398,10.44345316
401,东白林寺小区,2室0厅1厨1卫1阳,48.81,南,简装,中层(共6层),566,3月前发布,330,6.76090965
402,东白林寺小区,2室1厅1厨1卫1阳,58.46,南北,精装,高层(共6层),381,6月前发布,435,7.440985289
403,汇景苑,3室2厅1厨2卫1阳,1934,南,精装,低层(共5层),111,4月前发布,2180,1.127197518
404,天道俪晶公寓,1室1厅1厨1卫0阳,48,南,精装,高层(共6层),390,3月前发布,435,9.0625
405,铁岭路90弄,2室1厅1厨1卫1阳,37.2,南,精装,中层(共7层),935,3月前发布,310,8.333333333
406,通河六村,2室1厅0厨1卫0阳,70,南,精装,高层(共6层),613,2月前发布,370,5.285714286
407,通河六村,2室1厅0厨0卫0阳,52.34,南,简装,中层(共6层),217,1月前发布,263,5.0248376
408,民康苑,2室1厅1厨1卫1阳,75.77,东南,精装,高层(共6层),443,3月前发布,629,8.301438564
409,樱花新村,2室1厅1厨1卫1阳,70.6,南,简装,中层(共6层),174,2月前发布,225,3.186968839
410,樱花新村,3室2厅1厨2卫2阳,113.22,南北,精装,低层(共6层),247,7天前发布,390,3.444621092
411,新城枫景,3室1厅1厨2卫1阳,133,南,精装,高层(共7层),831,2月前发布,498,3.744360902
412,新城枫景,3室2厅1厨1卫1阳,103,南,精装,高层(共6层),12,7月前发布,382,3.708737864
413,精武大厦,4室2厅1厨2卫1阳,162.74,南,简装,中层(共13层),661,1月前发布,1180,7.250829544
414,保利茉莉公馆一期,2室1厅0厨1卫0阳,153,南,简装,低层(共6层),981,3月前发布,1680,10.98039216
415,保利茉莉公馆一期,3室1厅0厨0卫0阳,131,南,精装,高层(共13层),118,3月前发布,1165,8.893129771
416,兰园小区,1室1厅1厨1卫0阳,49.98,东南,简装,中层(共6层),191,3月前发布,600,12.00480192
417,鸿发苑,3室2厅1厨2卫2阳,138.07,南,精装,中层(共24层),832,8天前发布,1800,13.03686536
418,海关大楼,2室1厅1厨1卫1阳,78.14,南北,精装,低层(共6层),988,2月前发布,430,5.502943435
419,金鼎香樟苑(西区),2室2厅1厨1卫1阳,87.89,南,精装,中层(共6层),798,7月前发布,540,6.144043691
420,新凤凰城,2室2厅1厨2卫1阳,106.74,南,精装,高层(共6层),486,1月前发布,420,3.934794829
421,秦家弄小区,1室1厅1厨1卫1阳,35.3,南,简装,中层(共6层),957,3月前发布,233,6.600566572
422,恒丰大楼（静安）,1室1厅1厨1卫1阳,46.23,南,精装,中层(共23层),779,3月前发布,440,9.517629245
423,天环苑,2室2厅1厨1卫1阳,76.11,南,精装,中层(共13层),739,4月前发布,275,3.613191433
424,阳城贵都,2室2厅1厨1卫1阳,95.38,东南,简装,(共6层),480,9天前发布,919,9.635143636
425,清水颐园,3室2厅1厨2卫1阳,142.88,南,简装,高层(共5层),47,2月前发布,465,3.254479283
426,汇景苑,3室2厅1厨2卫1阳,147.3,南北,精装,高层(共6层),590,7月前发布,1760,11.94840462
427,汇景苑,3室2厅0厨0卫0阳,144.15,南,精装,高层(共6层),954,1月前发布,1750,12.14013181
428,天山小区,1室0厅1厨1卫1阳,27.21,南,精装,中层(共6层),938,3月前发布,190,6.982726939
429,文怡苑,2室2厅1厨1卫1阳,86.95,南,精装,低层(共6层),257,3月前发布,475,5.462909718
430,光华园,2室2厅1厨1卫1阳,85.52,南,精装,高层(共6层),158,5月前发布,850,9.93919551
431,光华园,1室1厅1厨1卫1阳,40.7,南,简装,高层(共6层),255,10天前发布,427,10.49140049
432,光华园,2室1厅1厨1卫1阳,66.25,东南,精装,低层(共6层),180,2月前发布,629,9.494339623
433,嫩江路856-868号,2室1厅1厨1卫1阳,62.05,南,简装,高层(共6层),473,7月前发布,403,6.494762288
434,达城家园,2室1厅1厨1卫1阳,77,南北,精装,低层(共6层),702,1月前发布,400,5.194805195
435,达城家园,2室2厅1厨1卫1阳,77.62,南,精装,低层(共6层),664,3月前发布,420,5.410976552
436,证大宽域,1室2厅0厨1卫0阳,72.05,南,精装,高层(共6层),630,3月前发布,950,13.18528799
437,金龙花苑玫瑰园,2室0厅1厨1卫1阳,49.76,南,简装,高层(共6层),236,6月前发布,485,9.746784566
438,金龙花苑玫瑰园,1室0厅1厨1卫1阳,34.72,南,简装,中层(共6层),366,11天前发布,340,9.792626728
439,曹江公寓,2室2厅1厨1卫1阳,88.12,南,精装,中层(共6层),229,2月前发布,480,5.447117567
440,曹江公寓,2室1厅1厨1卫1阳,88.16,东南,简装,高层(共6层),400,7月前发布,450,5.104355717
441,富隆苑,3室2厅1厨2卫2阳,133.66,南,精装,低层(共5层),607,1月前发布,600,4.489001945
442,心仪雅苑,3室2厅1厨2卫0阳,135.14,南北,精装,中层(共6层),147,3月前发布,1280,9.47165902
443,心仪雅苑,3室2厅1厨2卫1阳,135.8,南,精装,低层(共6层),6,3月前发布,1300,9.572901325
444,北斗星商业广场,1室1厅1厨1卫1阳,63,南,精装,中层(共6层),811,7月前发布,180,2.857142857
445,汤臣湖庭花园,5室3厅2厨3卫2阳,581,南,简装,高层(共6层),173,12天前发布,7800,13.42512909
446,城南路235号-251号,2室1厅1厨1卫1阳,65.86,南,精装,高层(共6层),536,2月前发布,256,3.887033101
447,恒盛鼎城华公馆,2室2厅1厨1卫1阳,89.93,南,精装,低层(共6层),930,7月前发布,730,8.117424664
448,恒盛鼎城华公馆,3室2厅1厨2卫2阳,132.42,东南,简装,高层(共18层),561,1月前发布,1180,8.911040628
449,鸿基公寓,3室2厅1厨2卫2阳,129.02,南,简装,低层(共6层),425,3月前发布,425,3.294062936
450,锦泰苑（宝山）,4室2厅1厨1卫2阳,113,南北,精装,低层(共6层),770,3月前发布,610,5.398230088
451,中环家园,2室2厅1厨1卫2阳,107.25,南,精装,中层(共6层),626,8月前发布,939,8.755244755
452,绿波城,2室1厅1厨1卫1阳,59,南,精装,高层(共6层),125,13天前发布,360,6.101694915
453,和欣国际花园,3室1厅1厨2卫1阳,118,南,精装,中层(共6层),275,2月前发布,998,8.457627119
454,铁路新村-宁强路100弄,2室1厅1厨1卫0阳,55.74,南,精装,中层(共6层),9,7月前发布,420,7.534983854
